,Filename,ID,A24a_L,A24aPrime_L,A24b_L,A24bPrime_L,A29a_L,A29b_L,A29c_L,A30_L,A32_L,Au1_L,AuD_L,AuV_L,DLO_L,Fr3_L,FrA_L,Ins_L,LO_L,LPtA_L,M1_L,M2_L,MO_L,MPtA_L,PtPR_L,S1_L,S1BF_L,S1DZ_L,S1FL_L,S1HL_L,S1J_L,S1Sh_L,S1Tr_L,S1ULp_L,S2_L,TeA_L,V1_L,V1B_L,V1M_L,V2L_L,V2ML_L,V2MM_L,VO_L,CEnt_L,DIEnt_L,DLEnt_L,MEnt_L,VIEnt_L,Cl_L,PLCo_L,VCl_L,Hc_L,DTT_L,Ect_L,PaS_L,PRh_L,PrS_L,Pir_L,APir_L,Hyp_L,Preopt_L,Sthal_L,SPT_L,GP_L,CPu_L,Amy_L,Acb_L,BNst_L,Vpal_L,PAG_L,APT_L,VTA_L,Thal_R_L,VT_L,LDNT_L,MGN_L,LGN_L,ZI_L,RTN_L,Sub_PP_L,DpMe_L,SC_L,IC_L,SN_L,RPC_L,MRN_L,RI_L,Cn_L,PrCn_L,BS_R_L,Iped_L,Cb_1_10_L,Den_L,Int_L,FasDL_L,FasMed_L,Vll_L,ParB_L,KF_L,PCRt_L,CG_L,Su5_L,m5_L,5N_L,PnO_L,Raph_L,Pr5_L,DTg_L,Tg_L,CoN_L,Pn_L,RTg_L,Oliv_L,PnC_L,Sp5_L,Ve_L,Gi_L,Cu_L,ac_L,ot_L,fi_L,cc_L,fx_L,st_L,cg_L,lo_L,vhc_L,ic_L,sm_L,pc_L,bsc_L,cp_L,ll_L,sp5_L,py_L,n8_L,n7_L,lfp_L,mlf_ts_L,sc_L,ml_L,vsc_L,mcp_L,scp_L,icp_oc_tz_L,cbw_L,LV_L,A25_L,Post_L,4V_L,MiTg_L,PT_L,LDVL_L,LP_L,Athal_L,RMC_L,RR_L,CSF_L,IRN_L,PHD_PaMP_Post_and_LatHy_L,PR_p3Tg_L_L,PVG_L,BLA_L,A24a_R,A24aPrime_R,A24b_R,A24bPrime_R,A29a_R,A29b_R,A29c_R,A30_R,A32_R,Au1_R,AuD_R,AuV_R,DLO_R,Fr3_R,FrA_R,Ins_R,LO_R,LPtA_R,M1_R,M2_R,MO_R,MPtA_R,PtPR_R,S1_R,S1BF_R,S1DZ_R,S1FL_R,S1HL_R,S1J_R,S1Sh_R,S1Tr_R,S1ULp_R,S2_R,TeA_R,V1_R,V1B_R,V1M_R,V2L_R,V2ML_R,V2MM_R,VO_R,CEnt_R,DIEnt_R,DLEnt_R,MEnt_R,VIEnt_R,Cl_R,DCl_R,PLCo_R,VCl_R,Hc_R,DTT_R,Ect_R,PaS_R,PRh_R,PrS_R,Pir_R,APir_R,Hyp_R,Pre_Tel_R,Sthal_R,SPT_R,GP_R,CPu_R,Amy_R,Acb_R,BNst_R,Vpal_R,PAG_R,APT_R,VTA_R,Thal_R_R,VT_R,LDNT_R,MGN_R,LGN_R,ZI_R,RTN_R,Sub_PP_R,DpMe_R,SC_R,IC_R,SN_R,RPC_R,MRN_R,RI_R,Cn_R,PrCn_R,BS_R_R,Iped_R,Cb_1_10_R,Den_R,Int_R,FasDL_R,FasMed_R,Vll_R,ParB_R,KF_R,PCRt_R,CG_R,Su5_R,m5_R,5N_R,PnC_R,Raph_R,Pr5_R,DTg_R,Tg_R,CoN_R,Pn_R,RTg_R,Oliv_R,PnRt_R,Sp5_R,Ve_R,Gi_R,Cu_R,ac_R,ot_R,fi_R,cc_R,fx_R,st_R,cg_R,lo_R,vhc_R,ic_R,sm_R,pc_R,bsc_R,cp_R,ll_R,sp5_R,py_R,n8_R,n7_R,lfp_R,mlf_ts_R,sc_R,ml_R,vsc_R,mcp_R,scp_R,icp_oc_tz_R,cbw_R,LV_R,A25_R,Post_R,4V_R,MiTg_R,LDVL_R,LP_R,AThal_R,RMC_R,RR_R,CSF_R,IRN_R,PHD_PaMP_Post_and_LatHy_R,PR_p3Tg_L_R,PVG_R
0,200805_4_53_1_T1_RARE_MEMRI_apoe100um_roomtemp.nii.gz,200805_4_53_1_T1_RARE_MEMRI_apoe100um_roomtemp,776,302,704,153,218,102,422,1348,1207,643,819,644,440,463,3929,4405,1486,69,3454,3033,767,119,28,281,4152,506,1517,1086,1698,30,211,2304,3153,1393,259,822,1824,1175,397,708,719,2417,544,979,226,446,2,707,10,13082,217,866,550,605,59,25687,91,5782,2892,299,3321,1068,10444,5899,1976,293,940,3479,270,121,6080,1508,144,274,390,1099,1144,141,1328,5047,3132,506,61,1878,215,192,288,2694,171,24006,214,250,2,539,14,185,368,2379,1493,136,53,219,2949,192,351,1027,1,261,654,216,661,1337,1293,1878,3253,394,193,1082,949,7331,45,396,417,420,9,1656,38,16,5,1304,472,905,300,75,0,13,655,222,101,625,912,344,256,3143,3068,199,289,455,476,39,58,85,372,60,257,191,854,699,35,47,799,891,408,1036,194,231,105,559,1395,1312,608,719,664,328,320,3610,3615,1389,63,3680,3627,767,206,5,297,4562,572,1617,1154,1399,27,259,2190,2753,1417,316,910,1973,1178,538,786,717,2578,519,1129,266,517,65,0,819,55,13020,173,995,576,764,43,26446,107,5582,2931,283,3388,935,9867,6258,1939,276,1076,3825,35,149,5844,893,131,232,331,858,853,142,1327,3933,2715,590,61,1904,152,224,294,3006,111,22977,213,240,2,521,16,207,413,2586,1682,153,56,118,2919,178,505,989,3,255,584,185,638,1346,1252,2179,2999,467,200,905,782,8060,32,347,410,368,22,1483,27,11,7,1319,439,972,286,110,0,9,538,190,90,705,969,345,292,2871,3380,187,219,426,429,75,93,353,70,233,139,841,863,42,32
1,Animal_190610_10_B49999_110_1_T1_RARE_MEMRI_apoe_T1_RARE_MEMRI_apoe_roomtemp.nii.gz,Animal_190610_10_B49999_110_1_T1_RARE_MEMRI_apoe_T1_RARE_MEMRI_apoe_roomtemp,742,328,851,200,214,119,577,1716,1095,737,898,817,356,418,3739,4557,1447,103,3785,3631,615,163,35,392,5112,612,1756,1424,1524,38,271,2228,3162,1659,309,1173,2417,1389,656,1040,705,2899,642,1245,282,544,2,1256,11,13613,186,981,518,805,49,32815,132,6888,3296,288,3596,1094,11280,7234,1958,321,1021,4037,261,127,6209,1466,145,283,445,1086,1171,134,1476,5412,3167,539,65,2085,227,157,324,3763,126,29130,226,261,2,614,15,186,389,2930,1621,138,73,243,3327,249,428,1102,1,314,690,260,818,1611,1764,1944,4225,461,211,1286,964,8762,45,430,490,565,9,1696,33,18,6,1372,453,1066,358,101,1,11,955,502,100,715,1056,354,314,3509,3674,190,259,626,466,40,58,88,392,72,245,195,957,697,33,67,967,806,410,961,230,274,111,724,1592,1177,628,776,776,334,343,3852,4674,1437,66,3862,3597,677,228,8,349,4897,638,1656,1244,1431,29,278,2177,3048,1570,316,1059,2148,1203,603,902,715,2977,656,1355,303,596,65,0,1188,49,14025,158,1135,519,917,26,34173,114,6940,3420,337,3735,978,10753,7450,2110,318,1151,4252,32,153,5999,851,138,249,411,980,966,146,1492,4764,2816,610,60,2130,169,260,336,3838,115,29592,241,260,1,540,16,207,413,3146,1860,162,72,142,3115,185,574,1104,2,357,611,254,759,1449,1790,2219,4113,468,211,1301,879,8319,44,383,452,500,21,1657,34,11,6,1345,453,1165,351,119,0,8,765,489,97,681,993,369,329,3383,4183,183,213,646,479,74,97,344,62,246,173,959,951,41,32
2,Animal_190610_1_B49999_32_1_T1_RARE_MEMRI_apoe_T1_RARE_MEMRI_apoe_roomtemp.nii.gz,Animal_190610_1_B49999_32_1_T1_RARE_MEMRI_apoe_T1_RARE_MEMRI_apoe_roomtemp,701,308,736,170,186,103,555,1772,1222,733,904,771,421,424,3496,4553,1594,92,3637,3039,730,199,29,332,4727,555,1723,1367,1497,29,263,2186,3093,1592,293,1040,2255,1257,608,960,928,2916,639,1335,276,518,2,1211,12,14194,227,974,506,773,52,33738,110,6263,3169,243,3598,1068,11145,6355,1888,360,894,3712,311,112,5920,1344,145,284,471,1060,1197,167,1473,5582,3137,553,72,1965,208,196,318,3424,119,28234,236,272,2,588,15,205,417,2549,1242,176,47,212,2946,222,359,1093,0,267,556,194,798,1245,1717,1625,4274,302,201,1072,1002,8272,54,433,438,571,17,1583,33,14,5,1202,428,957,367,73,1,12,881,434,96,638,849,398,296,3374,3985,222,248,523,466,44,66,93,364,76,236,179,796,651,38,53,956,778,344,885,215,232,104,644,1650,1209,684,927,690,393,351,3366,4692,1710,76,3471,3246,659,228,7,338,4833,579,1619,1255,1383,30,294,2043,2728,1343,382,1089,2338,1228,631,850,894,2683,600,1278,278,587,72,0,1251,47,14145,188,1006,493,829,32,34937,114,6238,3361,279,3559,973,10820,6593,2033,328,1015,4119,39,136,5803,755,173,238,465,873,954,138,1427,4873,3004,542,53,2126,145,221,318,3591,88,29138,230,263,2,578,15,200,395,2657,1280,155,60,115,2682,172,468,1039,3,299,609,215,795,1307,1836,1858,4244,349,233,1102,817,8011,38,395,374,577,21,1618,33,9,6,1170,457,1064,337,106,2,12,745,416,80,631,819,373,313,3196,5322,197,206,491,483,106,124,341,57,247,146,871,861,33,33
3,Animal_190610_2_B49999_44_1_T1_RARE_MEMRI_apoe100um_roomtemp.nii.gz,Animal_190610_2_B49999_44_1_T1_RARE_MEMRI_apoe100um_roomtemp,792,332,860,219,240,93,552,1833,1154,716,909,752,392,410,3857,4218,1360,96,3869,3800,685,203,28,350,4742,579,1785,1515,1501,34,289,2225,3091,1423,258,1014,2195,1284,562,966,661,2784,637,1323,282,537,4,1144,7,14034,244,909,499,754,56,32450,130,6600,3187,270,3690,1088,11374,6754,1884,330,923,3825,350,117,6107,1379,147,273,445,1083,1204,132,1497,5574,3110,568,70,1978,207,190,302,3755,136,29076,222,285,1,598,18,185,390,2856,1570,137,60,251,3078,223,398,1097,1,301,603,197,789,1501,1843,1906,4328,479,233,1113,984,8672,52,431,449,584,13,1725,37,16,6,1321,456,1038,353,99,1,11,907,505,104,680,979,342,322,3296,3768,199,269,533,458,58,56,96,369,72,244,197,955,673,41,57,1014,814,353,929,211,207,80,495,1334,1130,724,776,856,379,352,3654,4907,1606,62,3550,3450,663,185,6,293,4381,537,1547,1243,1451,29,247,2347,3184,1644,261,879,1817,1125,493,661,769,2810,656,1386,293,603,73,1,1264,52,14305,176,1176,472,947,31,34482,118,6631,3317,303,3810,947,10988,7296,2117,367,1143,4132,45,126,5966,787,159,250,394,953,964,151,1503,4632,2694,591,73,2207,161,241,342,3671,102,29327,228,269,3,587,16,208,405,3027,1715,149,62,136,3134,178,534,1071,2,351,537,210,771,1472,1785,2263,4139,427,226,1109,893,8592,37,352,384,546,25,1568,33,12,4,1317,446,1197,349,122,2,9,764,468,93,663,904,371,355,3248,5817,211,198,519,491,84,103,358,65,259,160,1030,882,41,26
4,Animal_190610_3_B49999_53_1_T1_RARE_MEMRI_apoe100um_roomtemp.nii.gz,Animal_190610_3_B49999_53_1_T1_RARE_MEMRI_apoe100um_roomtemp,640,261,724,213,192,112,598,1831,1100,678,870,717,335,376,3806,4080,1323,94,3821,3935,569,183,28,325,4944,730,2073,1487,1439,41,287,2118,3057,1410,294,1042,2131,1304,563,961,594,2515,574,1190,247,483,3,1161,11,13793,187,892,477,752,51,32279,118,6884,3308,291,3718,1059,10929,7006,1791,347,926,3721,303,98,5847,1432,135,251,435,1051,1194,129,1485,5290,3135,520,63,1920,204,179,283,3671,151,28611,217,244,1,531,18,203,396,2931,1717,144,70,247,3191,227,434,1075,0,306,670,247,732,1613,1788,1998,3962,523,202,1197,1044,8161,40,435,416,583,11,1659,37,17,8,1272,468,1065,308,89,3,13,920,504,98,694,1002,358,305,3354,4303,186,251,563,434,43,53,79,373,67,267,175,1024,625,34,61,975,735,318,937,219,215,94,519,1473,1092,618,843,716,353,344,3705,4485,1459,61,3678,3750,556,205,3,297,4362,561,1566,1191,1432,26,266,2124,2939,1481,309,973,2004,1156,578,782,703,2786,652,1319,293,611,74,0,1219,42,13743,141,1065,449,903,33,34318,112,6744,3389,287,3806,898,10263,7492,2026,297,1049,4050,44,112,5682,785,146,258,394,873,915,135,1406,4446,2815,563,64,2102,144,214,302,3815,100,30255,216,256,2,539,15,209,390,3137,1869,154,66,145,3151,166,537,1065,1,359,582,239,715,1552,1776,2383,3990,530,207,1168,879,7447,41,389,348,535,18,1477,39,13,5,1203,463,1222,325,120,0,10,734,501,88,701,922,374,337,3335,3996,172,209,551,484,73,108,339,64,255,138,1083,801,38,35
5,Animal_190610_5_B49999_76_1_T1_RARE_MEMRI_apoe100um_roomtemp.nii.gz,Animal_190610_5_B49999_76_1_T1_RARE_MEMRI_apoe100um_roomtemp,767,300,779,228,186,99,526,1775,1098,717,887,780,391,432,3530,4169,1384,84,3613,3403,625,164,25,301,4623,564,1663,1303,1538,37,251,2162,3015,1635,255,931,2170,1293,538,890,680,3028,643,1361,312,536,4,1431,13,13911,229,980,534,805,57,33270,123,6568,3227,276,3542,1041,10643,6857,1971,326,916,3637,307,104,5847,1333,139,268,456,1044,1212,143,1461,5336,3080,556,67,2034,204,194,356,3742,141,28719,225,261,3,572,17,182,342,2821,1622,128,67,220,3249,218,420,1037,1,294,676,215,787,1575,1853,1941,4343,513,198,1136,1021,8371,47,435,451,519,14,1629,33,16,5,1280,490,1125,334,90,1,13,895,512,104,673,979,351,322,3381,3518,172,259,465,488,46,63,92,365,76,255,208,926,651,39,48,944,718,352,954,298,236,90,636,1527,1104,656,897,651,335,338,3914,4082,1285,74,3935,3887,610,236,7,349,4653,606,1737,1321,1410,30,293,2135,2617,1372,327,1006,2214,1212,591,838,657,3102,643,1343,301,605,63,0,1220,50,13949,196,1040,532,945,36,33577,139,6837,3314,318,3692,966,10351,7190,1948,324,1001,4228,47,138,5777,890,156,248,415,876,971,135,1558,4537,2546,582,61,2128,146,244,343,3799,97,29773,204,268,1,556,16,198,393,3116,1759,144,67,135,2994,168,528,1001,1,395,570,219,699,1536,1759,2361,3800,571,219,1113,856,7653,45,410,392,503,24,1613,31,11,7,1233,451,1220,314,130,1,9,741,397,89,643,947,353,330,3126,3871,170,206,471,507,84,117,352,66,262,166,1112,842,42,31
6,Animal_190610_6_B49999_86_1_T1_RARE_MEMRI_apoe_T1_RARE_MEMRI_apoe_roomtemp.nii.gz,Animal_190610_6_B49999_86_1_T1_RARE_MEMRI_apoe_T1_RARE_MEMRI_apoe_roomtemp,695,299,821,218,189,109,617,1757,1047,743,1077,739,349,418,3981,4319,1271,114,4131,3807,630,204,31,364,5291,619,1873,1565,1407,37,311,2044,3017,1460,305,1170,2532,1398,611,1026,674,2700,618,1323,271,504,4,1108,7,13708,194,950,461,873,42,33907,137,6955,3131,287,3624,1115,11422,6746,1900,319,884,3929,328,120,6045,1511,128,266,413,1089,1241,127,1431,5616,3220,556,66,1914,212,158,263,3868,145,27755,238,256,1,632,20,201,440,2941,1771,150,64,229,3276,220,436,1098,1,300,773,255,724,1713,1830,2143,4004,511,210,1214,1006,8415,46,433,461,628,10,1689,32,17,5,1375,451,1060,345,105,4,15,870,466,94,743,1112,378,322,3368,4138,182,265,601,388,46,54,90,361,60,227,189,1044,639,34,56,959,754,379,950,220,228,91,609,1423,1023,695,825,764,403,357,3697,4814,1586,68,3395,3241,630,207,6,291,4305,542,1550,1116,1495,31,262,2380,3139,1590,262,938,1984,1155,545,780,811,2924,722,1410,322,660,70,0,1309,48,14098,148,1157,488,1002,36,35374,118,6722,3327,302,3822,928,10913,7048,2157,312,1088,4199,29,184,5873,849,157,250,439,907,980,140,1479,4713,2872,623,61,2082,155,229,335,3912,109,29384,229,290,1,567,20,205,438,3059,1783,158,59,147,3156,172,565,1073,3,333,670,238,824,1539,1903,2193,4072,426,230,1107,965,8159,41,390,426,551,17,1524,39,10,7,1324,467,1188,330,125,0,11,734,494,92,725,1035,373,327,3247,4829,182,211,540,490,92,107,382,69,246,138,1034,948,39,33
7,Animal_190610_7_B49999_88_1_T1_RARE_MEMRI_apoe_T1_RARE_MEMRI_apoe_roomtemp.nii.gz,Animal_190610_7_B49999_88_1_T1_RARE_MEMRI_apoe_T1_RARE_MEMRI_apoe_roomtemp,782,341,896,211,187,97,500,1684,1174,701,857,755,325,388,3489,4061,1440,105,3639,3511,703,172,32,330,4740,620,1802,1470,1484,42,308,2160,2987,1482,310,1051,2290,1282,566,893,757,2698,635,1229,275,549,3,1144,11,13980,223,947,506,746,49,29761,122,6735,3154,300,3502,1057,11137,6310,1904,316,973,3790,333,153,6120,1454,151,286,482,1058,1225,130,1424,5389,3313,566,64,2019,212,183,305,3517,157,27520,213,255,1,576,17,213,400,2665,1681,149,66,220,3169,224,403,1038,0,310,654,203,748,1501,1619,2029,3846,511,219,1140,1035,8573,39,447,456,497,15,1721,38,16,6,1344,480,1012,305,94,0,10,832,443,88,692,1025,353,305,3402,3750,187,259,509,434,45,64,90,382,72,252,165,905,742,32,47,988,817,372,1010,226,230,103,598,1479,1199,677,865,697,315,316,3423,4155,1381,61,3569,3479,680,195,7,327,5105,593,1574,1194,1387,25,241,2157,2886,1474,277,1002,2163,1260,588,812,623,2875,660,1320,312,624,72,2,1026,54,14150,162,1110,485,965,33,30441,110,6621,3143,315,3563,970,10468,6699,1987,323,1145,4075,33,160,5976,815,134,276,398,961,974,145,1504,4484,2610,590,62,2118,161,245,318,3676,110,27735,233,252,1,552,19,217,410,2727,1780,149,65,133,3075,187,567,1013,2,348,553,237,626,1390,1535,2248,3443,435,229,1070,926,8155,36,397,425,457,19,1600,31,10,5,1363,460,1087,291,114,0,9,734,416,102,674,942,366,324,3244,4742,200,207,488,468,81,90,370,71,252,149,933,967,46,29
8,Animal_190715_1_B50013_5_1_T1_RARE_MEMRI_apoe100um_roomtemp.nii.gz,Animal_190715_1_B50013_5_1_T1_RARE_MEMRI_apoe100um_roomtemp,799,321,717,185,185,113,528,1590,1274,666,959,709,349,396,3766,4006,1607,87,3825,3388,743,188,30,316,5148,541,1550,1300,1481,32,261,2147,2820,1477,284,998,2078,1350,561,939,819,2672,575,1290,283,501,4,979,12,14597,167,956,478,766,52,31005,110,5997,3314,313,3676,1030,10860,6800,2092,345,1001,4114,287,115,6174,1350,157,289,476,1123,1286,162,1416,5902,3356,600,77,2120,250,210,354,2779,108,25707,234,276,3,594,15,216,425,2302,1040,171,59,193,2891,231,381,1154,2,259,517,185,934,1246,1292,1482,3323,234,213,1238,1044,9085,55,461,487,422,14,1761,37,18,8,1332,475,1040,438,64,1,12,677,230,92,642,881,411,263,3497,4211,205,290,515,496,43,63,96,393,83,256,178,596,693,36,63,957,883,343,1055,223,226,99,627,1536,1279,596,820,618,359,332,3891,3902,1639,73,3861,3821,643,247,6,331,4677,557,1613,1238,1402,28,314,2189,2648,1310,348,1008,2118,1189,669,883,840,2590,618,1455,297,548,68,1,984,46,14501,149,939,543,836,42,31028,91,6190,3255,303,3621,969,10473,7241,2083,345,1166,4598,39,132,6166,923,135,242,451,919,928,144,1575,5277,2808,555,70,2219,199,270,389,2865,66,26325,232,256,2,576,20,215,402,2634,1144,147,57,128,2804,189,475,1052,1,334,439,200,908,1263,1466,1753,3506,286,251,1323,827,8550,38,403,446,426,21,1607,38,9,9,1274,419,1196,454,91,1,7,521,221,85,581,857,407,296,3401,4112,204,217,461,506,67,111,409,79,252,152,826,858,43,34
9,Animal_190715_2_B50013_5_19_1_T1_RARE_MEMRI_apoe100um_roomtemp.nii.gz,Animal_190715_2_B50013_5_19_1_T1_RARE_MEMRI_apoe100um_roomtemp,821,311,782,192,190,105,610,1594,1197,655,814,725,367,390,3239,3828,1609,82,3482,3202,731,152,28,280,4457,572,1574,1300,1429,29,247,2182,2716,1419,280,855,1932,1163,485,782,828,2368,610,1337,256,495,5,952,13,14669,203,937,480,744,55,29960,119,5851,3147,279,3654,1085,11236,6603,1922,345,909,3921,277,112,6056,1441,164,260,424,1083,1209,144,1547,5673,3181,547,72,2014,225,178,292,2852,106,25898,244,283,2,608,14,185,437,2645,1189,143,54,194,2816,212,360,1094,1,283,501,181,927,1390,1492,1662,3803,324,232,1151,1115,9253,48,406,502,406,9,1799,34,18,3,1313,505,1123,385,73,0,10,681,229,97,652,909,372,318,3329,5125,198,259,498,495,43,63,90,395,73,247,182,803,673,49,47,1013,788,389,892,206,232,104,645,1437,1090,583,736,609,376,354,3196,3757,1598,63,3508,3041,664,199,6,279,4316,544,1513,1268,1361,25,256,1996,2544,1339,315,892,1834,1072,598,760,749,2465,633,1419,284,560,79,1,937,38,14208,155,981,475,862,37,29947,107,5861,3054,294,3671,953,10557,6544,2070,343,1059,4088,42,145,5957,850,156,276,439,946,995,149,1547,4931,2728,603,63,2285,180,250,340,2941,66,25049,229,288,3,599,16,229,403,2630,1230,153,51,115,2702,165,473,1023,4,315,401,188,750,1202,1477,1787,3356,332,222,1108,927,9122,39,393,448,388,29,1589,37,17,6,1238,419,1191,361,85,0,9,586,212,92,560,871,380,306,3096,5110,200,197,442,517,87,108,371,61,244,144,732,868,42,40
10,Animal_190715_3_B50017_2_1_T1_RARE_MEMRI_apoe_roomtemp.nii.gz,Animal_190715_3_B50017_2_1_T1_RARE_MEMRI_apoe_roomtemp,748,339,776,206,207,122,586,1646,1111,647,834,716,313,405,3346,3605,1362,85,3410,3002,660,164,24,308,4337,603,1648,1365,1470,36,271,1992,2754,1410,275,958,1953,1254,529,882,716,2372,595,1144,239,477,3,874,14,13536,188,843,488,669,57,28310,123,5467,3042,293,3709,1033,11357,5989,2033,321,928,3838,305,109,6012,1357,149,254,444,1092,1102,128,1368,5318,2935,549,60,2016,222,192,287,2929,106,23446,205,238,1,563,18,181,378,2648,1183,128,55,203,2792,222,361,1013,2,279,587,217,909,1315,1685,1626,4685,332,239,1028,873,8095,54,389,509,417,13,1591,32,18,6,1247,436,1036,395,80,1,15,847,304,94,644,966,359,278,3263,3372,174,279,443,460,42,61,106,338,66,262,169,880,613,32,49,912,775,352,885,205,241,98,625,1334,1142,563,712,639,370,318,3081,3860,1615,61,3095,2774,694,189,5,284,3941,527,1434,1147,1272,23,255,2035,2632,1440,291,885,1700,1069,504,710,826,2357,603,1342,297,557,74,1,890,51,13611,125,993,536,843,39,28842,100,5519,3193,280,3673,946,10495,6288,2205,338,983,4072,36,118,5870,839,134,243,417,919,851,137,1391,4493,2466,588,64,2138,165,265,331,3029,78,23427,210,260,1,550,14,193,381,2466,1103,144,42,108,2552,179,431,946,2,268,516,199,739,1121,1521,1695,3864,290,239,1022,735,7821,45,358,406,388,19,1539,35,11,10,1182,437,1006,334,97,1,10,690,279,92,601,874,342,290,2985,3426,186,217,428,512,74,116,304,71,255,148,780,871,41,23
11,Animal_190715_4_B50017_2_1_12_1_T1_RARE_MEMRI_apoe_roomtemp.nii.gz,Animal_190715_4_B50017_2_1_12_1_T1_RARE_MEMRI_apoe_roomtemp,722,300,734,188,173,103,504,1550,1095,700,924,779,339,423,3076,3905,1327,84,3168,2838,694,132,31,333,5205,649,1726,1300,1486,32,223,2198,2871,1806,270,1050,2257,1469,495,948,731,2938,636,1428,307,517,4,960,16,14551,246,1171,569,849,60,29300,99,5711,3069,294,3505,1100,11567,6147,2094,330,969,4106,356,99,6381,1543,165,296,498,1143,1318,148,1473,5674,3296,616,57,2212,216,198,350,3073,120,26271,258,291,2,650,18,206,468,2628,1524,162,57,226,3102,235,402,1226,1,276,609,223,893,1479,1566,1755,4367,362,203,1024,1084,8613,50,400,470,428,18,1694,35,18,4,1319,499,1029,455,78,1,14,809,258,96,681,1022,402,273,3581,3928,181,290,614,533,45,76,101,365,70,246,146,826,654,36,53,943,812,374,1106,262,224,110,650,1508,1254,629,790,626,340,351,3257,3643,1614,67,3689,3460,723,219,12,327,5028,613,1579,1280,1423,28,276,2188,2623,1426,350,994,2192,1266,649,959,765,2556,677,1490,300,636,53,0,834,36,14401,180,965,484,795,33,29095,103,5877,3141,319,3625,1015,10923,6410,2087,314,1057,4427,41,135,6062,931,171,252,522,934,1043,155,1517,5134,2678,599,75,2291,167,240,362,3307,85,25933,230,273,1,624,20,220,454,3061,1603,159,55,150,3132,193,525,1149,2,269,481,208,937,1472,1622,2134,4080,382,220,1076,898,8627,48,408,463,371,30,1619,31,10,7,1222,432,1111,427,103,0,11,704,272,81,640,909,395,316,3267,4006,162,198,599,508,113,156,348,73,261,154,1014,853,32,26
12,Animal_190715_5_B50018_2_1_T1_RARE_MEMRI_apoe_roomtemp.nii.gz,Animal_190715_5_B50018_2_1_T1_RARE_MEMRI_apoe_roomtemp,705,297,763,220,195,111,588,1635,1065,653,845,699,298,412,3271,3653,1464,96,3554,3244,707,182,26,296,4368,533,1610,1280,1399,33,259,2200,2710,1443,275,932,2088,1265,515,920,734,2360,554,1280,264,508,3,994,13,13952,191,877,545,776,59,28699,98,5653,2920,257,3371,1000,10825,6543,1917,326,874,3733,330,93,5915,1412,145,269,457,980,1176,133,1398,5535,3090,538,66,1969,222,139,272,3332,117,25190,228,288,4,590,16,184,416,3003,1604,138,55,207,3021,209,380,1096,1,285,648,238,767,1673,2172,1945,4798,480,227,1078,1040,8285,45,410,449,395,10,1684,35,12,5,1214,438,1246,451,86,1,14,854,387,87,688,1033,362,273,3109,3687,180,271,476,437,45,57,92,382,74,228,178,1096,597,32,53,848,780,326,887,244,224,97,646,1367,1183,598,701,614,397,350,3403,3928,1725,64,3149,2907,663,192,4,269,3847,476,1357,1046,1372,25,242,1930,2525,1402,293,884,1794,1060,523,769,825,2711,700,1468,299,604,80,1,1048,49,13698,147,1069,467,917,34,29672,97,5669,3080,273,3460,873,10094,6680,2074,335,1066,4222,43,115,5810,868,135,267,468,877,923,149,1413,4704,2628,567,59,2070,157,197,338,3448,83,25726,207,237,1,557,17,199,408,2729,1638,155,60,154,2965,163,495,1036,2,301,472,197,825,1416,1881,2040,4503,408,221,1105,806,7783,36,393,409,367,21,1533,30,12,5,1136,421,1132,429,103,0,11,789,367,77,645,873,371,284,2935,3801,161,218,432,517,74,117,333,66,234,146,872,799,33,29
13,Animal_190715_6_B50018_16_1_T1_RARE_MEMRI_apoe_roomtemp.nii.gz,Animal_190715_6_B50018_16_1_T1_RARE_MEMRI_apoe_roomtemp,793,320,803,217,172,107,540,1512,1109,665,875,743,328,391,3124,3705,1445,87,3387,2891,632,141,33,304,4487,553,1579,1268,1390,34,237,2061,2811,1556,253,974,1869,1282,485,809,756,2367,607,1188,260,482,3,986,11,13763,159,940,496,725,58,28736,97,5508,2990,260,3388,1109,10758,6102,2055,330,870,3892,309,102,5970,1381,153,270,453,1078,1121,130,1480,5434,3210,560,66,2075,223,173,289,3036,111,24865,231,286,1,580,15,202,387,2699,1455,154,46,230,2932,196,364,1076,1,288,502,183,803,1466,1998,1847,4121,407,213,1031,984,8271,45,427,466,392,16,1655,31,14,8,1274,480,1127,354,82,0,10,871,301,91,660,923,348,290,3129,3988,182,285,520,465,44,65,95,336,77,235,176,885,614,29,37,774,853,383,1088,245,230,112,648,1455,1245,629,753,628,342,354,3441,3281,1616,75,3561,3306,631,240,7,299,4392,584,1593,1296,1418,27,285,2104,2461,1367,331,898,1903,1096,606,837,787,2287,560,1308,227,462,65,0,843,35,13891,135,878,426,782,35,28425,90,5790,2985,295,3382,952,10104,6351,1985,311,1152,4215,42,115,5616,859,174,240,531,850,950,132,1452,4840,2697,552,62,2152,144,212,330,3237,92,24543,206,258,1,556,16,195,403,2959,1617,134,53,146,2840,159,492,1050,3,341,489,182,718,1480,1880,2055,3869,480,233,1060,877,8305,42,384,443,358,26,1511,28,12,7,1170,446,1194,325,112,1,10,648,256,78,647,977,348,323,2928,4496,171,212,488,487,102,131,335,64,258,137,964,779,34,28
14,Animal_190715_7_B50018_23_1_T1_RARE_MEMRI_apoe_roomtemp.nii.gz,Animal_190715_7_B50018_23_1_T1_RARE_MEMRI_apoe_roomtemp,790,298,760,186,183,91,537,1469,1255,589,751,702,389,444,3647,3734,1688,83,3418,2972,849,149,31,248,4296,560,1601,1242,1606,32,225,2005,2589,1494,256,852,1742,1174,456,747,889,2393,633,1286,285,503,3,1077,8,13589,183,889,480,711,52,28201,108,5367,3010,273,3429,1119,11275,6195,2004,313,945,3951,270,94,6030,1564,148,268,455,1109,1252,129,1469,5435,3215,568,64,2064,228,187,298,3366,108,26272,262,292,2,610,15,191,409,2657,1600,145,54,227,3115,208,358,1066,1,251,566,220,725,1659,1668,1895,4343,417,218,1088,1013,8204,49,411,457,384,14,1692,31,15,7,1308,496,1050,403,82,1,11,994,360,103,644,968,365,274,3417,3560,164,271,556,490,36,67,99,357,71,238,145,944,598,39,50,874,811,341,976,251,232,96,682,1459,1331,615,755,697,335,353,3644,3557,1539,86,3582,3510,798,270,12,320,4574,614,1673,1329,1409,31,346,2119,2431,1388,337,891,1916,1056,636,826,839,2495,542,1368,237,460,67,0,929,43,14001,155,963,505,885,35,27963,97,5701,2983,281,3551,994,10797,6776,2014,299,1027,4439,44,120,5746,851,179,226,539,858,992,126,1375,4669,2640,563,62,2168,170,259,316,3583,76,24954,225,288,3,569,17,207,454,3165,1880,166,47,120,3030,161,547,1114,1,298,488,194,725,1669,2119,2292,3975,461,204,1188,932,8345,39,383,420,380,25,1470,30,12,9,1092,440,1171,357,121,1,10,835,544,75,674,993,373,307,3094,3962,171,160,521,463,145,176,324,66,247,130,1217,782,36,33
15,Animal_190715_8_B50018_29_1_T1_RARE_MEMRI_apoe_roomtemp.nii.gz,Animal_190715_8_B50018_29_1_T1_RARE_MEMRI_apoe_roomtemp,716,286,744,193,177,89,448,1464,1207,734,794,797,362,381,3065,3499,1406,88,3204,3084,685,139,33,310,4334,556,1588,1197,1433,29,256,2072,2797,1845,257,973,2253,1365,468,854,786,3002,602,1377,299,537,6,848,11,13506,195,1125,576,874,67,28516,99,5599,2876,270,3444,1005,10705,5638,1813,313,887,3736,252,99,5844,1396,128,268,427,1054,1237,156,1462,4851,3526,541,62,2043,234,205,292,2468,102,25041,246,266,1,483,20,172,440,2356,1231,144,63,219,2945,212,398,1117,2,263,450,199,689,1331,944,1680,2905,275,207,960,1039,8126,45,449,412,420,15,1701,34,13,5,1209,495,940,358,80,1,11,619,162,96,645,980,349,317,3487,3008,167,286,491,532,46,58,76,384,71,251,186,666,603,38,49,809,880,359,1053,254,268,104,595,1347,1160,615,747,669,337,331,3046,3522,1435,59,3368,3177,671,197,2,344,4486,548,1502,1165,1363,28,261,2200,2636,1499,291,977,2229,1208,584,852,697,2742,666,1538,295,574,72,0,836,45,13335,165,1068,524,914,43,29233,97,5578,2863,263,3475,951,10335,6185,1923,318,954,3964,44,127,5753,975,151,245,466,871,1004,154,1410,4236,2428,575,64,2205,163,264,333,2668,79,23996,216,245,2,565,11,207,403,2459,1415,146,48,130,2766,167,470,1068,3,283,362,171,644,1363,1362,1892,2916,353,233,944,870,8232,47,377,420,356,27,1493,31,11,8,1217,466,933,325,103,1,6,515,170,87,580,867,367,284,2987,3620,164,183,442,476,92,108,361,69,232,180,727,777,38,31
16,Animal_190909_11_B50013_31_1_T1_RARE_MEMRI_apoe100um_roomtemp.nii.gz,Animal_190909_11_B50013_31_1_T1_RARE_MEMRI_apoe100um_roomtemp,793,365,850,244,211,117,630,1719,1118,586,754,689,315,381,3331,3881,1518,105,3424,3342,727,193,26,373,4538,697,1755,1308,1476,39,288,1890,2735,1506,282,1024,2114,1267,588,941,848,2463,658,1330,284,516,2,764,7,14139,203,919,488,746,46,28784,120,5473,3005,271,3411,1071,11073,5591,1904,290,849,3986,272,101,6125,1542,131,250,438,1107,1235,151,1498,5533,3216,536,68,2023,212,226,314,2614,101,26769,243,279,2,576,16,193,412,2623,1281,153,63,222,2981,210,375,1142,1,283,514,188,962,1449,1362,1670,3632,295,204,1007,1076,9049,42,419,551,403,11,1765,28,18,5,1225,464,1006,415,75,1,7,716,208,99,661,944,364,317,3618,3770,180,251,474,501,47,60,95,349,79,232,181,768,596,39,55,960,783,396,859,238,235,103,661,1394,1016,667,850,765,341,318,3031,3778,1430,64,3286,2928,595,191,10,321,5440,611,1476,1101,1342,24,249,2545,2832,1702,287,959,2044,1271,574,815,769,2824,655,1312,342,610,63,0,955,61,14337,156,1208,516,948,30,29976,127,5624,3042,268,3516,903,10088,6321,2038,303,1018,4393,36,119,6076,935,132,273,465,934,1038,151,1538,4722,2640,583,64,2148,188,262,312,2823,72,25735,235,254,1,537,15,235,431,2319,1267,173,55,132,2824,177,484,1081,3,289,426,190,723,1207,1182,1844,3209,277,211,1005,893,8775,37,389,458,399,25,1640,28,12,7,1181,461,993,407,88,1,8,594,201,103,595,883,409,321,3149,4935,177,204,459,513,84,110,353,67,251,142,722,819,48,34
17,Animal_190909_12_B50013_42_1_T1_RARE_MEMRI_apoe100um_roomtemp.nii.gz,Animal_190909_12_B50013_42_1_T1_RARE_MEMRI_apoe100um_roomtemp,808,309,832,236,180,96,600,1593,1162,582,805,689,340,476,3318,4012,1547,89,3494,3296,770,173,35,332,4642,646,1723,1349,1493,37,280,1936,2920,1549,285,979,2141,1350,563,901,793,2584,608,1238,314,538,4,915,9,14116,204,944,451,698,44,29031,104,5752,3134,286,3641,1060,11313,5854,1835,308,881,4014,274,102,6074,1408,116,246,435,1101,1333,119,1472,5564,3141,542,77,2038,214,174,252,2975,124,25700,249,274,3,606,17,215,401,3065,1496,132,67,253,3136,220,421,1088,0,283,495,222,972,1635,1643,1997,4428,411,227,1036,926,8811,50,426,487,436,8,1789,37,16,3,1216,461,1104,405,97,2,11,864,258,99,687,978,380,281,3390,3485,181,256,531,488,47,48,103,406,73,262,175,1020,611,44,53,911,800,372,909,254,248,105,646,1383,1074,628,855,713,360,313,3226,3995,1547,58,3393,3189,709,196,10,418,4838,576,1518,1191,1279,29,264,1985,2779,1451,307,1001,2177,1280,615,863,766,2784,661,1359,313,573,69,1,1016,48,14116,172,1020,506,877,24,29865,125,5681,3201,285,3705,985,10749,6135,1946,310,1029,4354,21,117,5963,950,143,272,452,940,1006,137,1481,4921,2662,580,72,2174,161,245,268,3108,79,24836,223,260,1,586,15,224,391,2748,1560,144,58,135,2948,157,526,1105,2,305,436,212,728,1501,1460,2140,4122,368,217,976,883,8316,36,403,430,406,26,1530,32,10,5,1255,451,1045,380,119,0,7,742,248,85,593,919,372,328,3175,3667,199,212,518,470,80,93,385,61,229,143,946,832,34,37
18,Animal_190909_13_B50013_60_1_T1_RARE_MEMRI_apoe100um_roomtemp.nii.gz,Animal_190909_13_B50013_60_1_T1_RARE_MEMRI_apoe100um_roomtemp,857,318,800,208,205,117,551,1617,1233,708,945,698,316,385,3235,3701,1447,90,3549,3122,726,153,32,310,4865,560,1621,1277,1423,31,250,1963,2510,1437,289,953,1973,1309,476,840,840,2383,637,1258,277,538,4,949,12,14300,212,886,581,741,57,28381,118,5492,3176,267,3445,1056,10635,6379,1917,343,939,3721,335,100,6113,1479,143,261,464,1073,1215,128,1431,5462,2992,517,64,2034,201,191,333,3294,117,25793,222,270,2,587,21,191,372,2888,1507,148,69,216,3024,200,400,1039,0,305,542,208,900,1510,1999,1984,4598,415,231,1110,1037,9256,44,394,531,419,15,1708,35,15,5,1239,488,1181,457,89,0,11,829,283,97,716,988,368,330,3256,4714,201,271,465,503,51,57,96,339,70,254,174,1000,630,35,58,907,862,353,935,236,243,98,598,1355,1138,623,793,626,375,333,3269,3876,1653,64,3438,3075,637,199,7,310,4316,546,1511,1239,1348,33,275,2080,2583,1344,345,959,1889,1179,565,790,808,2289,654,1340,257,548,72,0,914,49,14212,179,927,506,778,46,29326,100,5715,3203,284,3495,863,9663,6696,2074,329,968,4108,44,120,5847,836,163,269,469,900,986,171,1504,4760,2588,578,67,2124,154,241,344,3590,80,25429,207,249,1,593,16,203,408,2749,1626,155,53,126,2972,159,472,988,3,309,515,186,766,1354,1990,2113,4456,478,245,1116,875,8484,36,390,439,369,26,1569,29,15,10,1221,488,1179,410,106,0,10,735,300,92,652,892,380,331,3019,4983,174,214,460,521,106,157,320,65,259,155,949,838,40,32
19,Animal_191028_3_B50022_3_1_T1_RARE_MEMRI_apoe100um_roomtemp.nii.gz,Animal_191028_3_B50022_3_1_T1_RARE_MEMRI_apoe100um_roomtemp,763,387,895,224,203,105,713,1549,1468,612,767,683,386,469,3443,3779,1740,85,3635,3209,773,172,29,257,3968,571,1779,1332,1573,30,239,2025,2684,1378,276,809,1830,1146,497,801,924,2242,573,1244,245,482,2,1013,8,13252,169,877,457,673,48,28256,92,5590,3132,281,3409,1083,10923,6000,1999,308,970,3868,275,96,6234,1371,153,269,404,1059,1153,129,1382,5660,3202,535,60,1896,236,183,309,2889,104,24746,246,272,2,592,14,197,424,2523,1251,144,57,216,2807,193,363,1077,1,241,509,203,947,1274,1610,1592,4622,310,210,1115,969,8617,49,414,507,403,13,1597,34,14,6,1243,411,1035,476,79,1,11,830,286,96,563,858,364,271,3142,3645,180,253,553,417,46,61,91,397,67,225,167,789,575,32,54,907,759,370,935,262,235,102,624,1305,1259,611,727,682,352,343,3178,3848,1558,57,3555,3092,628,202,8,272,3978,557,1582,1317,1397,27,246,2117,2780,1426,269,866,1791,1053,501,742,806,2395,552,1212,251,494,73,0,878,52,13287,137,1019,496,844,27,28547,93,5392,2978,283,3418,912,10267,6152,1998,308,1027,4219,41,133,5938,803,159,241,405,881,888,138,1406,4764,2668,566,53,2107,117,240,324,3118,53,24569,218,292,1,585,15,211,417,2507,1370,155,55,122,2792,169,485,1076,2,283,467,183,805,1201,1551,1866,4262,362,205,907,817,8141,38,368,461,377,19,1527,34,11,8,1144,408,1030,451,107,1,11,662,272,95,548,854,373,300,2951,4382,161,205,510,455,91,109,352,59,246,141,834,799,45,37
20,Animal_191028_4_B50022_24_1_T1_RARE_MEMRI_apoe100um_roomtemp.nii.gz,Animal_191028_4_B50022_24_1_T1_RARE_MEMRI_apoe100um_roomtemp,720,302,726,151,167,97,440,1349,1170,679,778,755,338,430,3114,3839,1633,81,3358,2968,677,141,33,311,4393,672,1790,1281,1576,35,231,2112,2957,1535,250,922,1846,1316,472,724,875,2371,628,1157,277,493,3,1069,11,13675,234,947,499,676,48,28173,103,5674,2988,262,3504,1088,11278,6120,2039,313,911,3830,320,92,6459,1406,154,242,432,1135,1169,121,1424,5438,3146,534,71,2054,231,173,288,3213,104,25236,231,279,2,590,19,171,419,2559,1233,156,49,201,2958,197,366,1066,1,240,530,190,893,1301,1902,1596,4420,349,211,1111,1057,9102,49,420,470,413,12,1605,33,20,6,1223,453,1051,396,80,2,16,843,406,104,641,909,345,274,3218,4789,183,248,493,494,47,69,90,388,70,231,181,793,639,33,57,812,816,324,902,191,238,108,560,1380,1119,646,760,659,359,356,3348,3812,1627,63,3458,3211,653,219,8,312,4358,585,1581,1148,1466,28,265,2212,2616,1362,299,931,1945,1080,564,833,810,2350,586,1272,272,527,65,0,1046,51,13638,165,916,477,759,41,29142,98,5685,2999,276,3550,973,10963,6396,2018,320,1112,4166,50,147,6151,793,167,251,444,851,945,120,1416,4745,2695,563,60,2055,168,243,344,3427,72,25010,217,282,1,561,12,216,413,2548,1353,150,54,116,2803,164,463,1022,2,255,432,181,756,1192,1701,1867,4054,353,227,1066,913,8647,47,385,442,402,17,1509,30,14,7,1151,429,1032,382,88,0,11,700,356,94,612,845,369,276,2920,5065,184,204,417,509,93,114,343,65,245,160,792,787,39,36
21,Animal_191028_5_B50022_31_1_T1_RARE_MEMRI_apoe100um_roomtemp.nii.gz,Animal_191028_5_B50022_31_1_T1_RARE_MEMRI_apoe100um_roomtemp,705,310,785,174,180,97,494,1446,1198,645,784,699,337,395,3542,3582,1482,94,3424,3176,586,170,33,253,4275,686,1888,1327,1404,33,276,1967,2721,1388,288,932,1961,1246,538,845,658,2265,606,1257,222,469,6,931,6,13586,169,845,478,674,43,27916,103,5640,2825,268,3570,1090,11117,6186,2018,302,855,3749,310,104,5772,1509,156,259,485,1052,1143,125,1437,5447,3143,524,63,1989,201,187,303,3100,96,24638,236,288,3,583,16,189,379,2671,1396,148,60,207,3065,203,375,1055,0,272,497,198,916,1557,1394,1751,4598,336,203,1090,1029,8596,45,389,461,426,12,1618,34,15,5,1171,429,1071,450,82,3,7,943,443,100,619,861,362,278,3211,3630,172,253,433,467,44,68,93,366,62,230,172,897,592,32,52,889,782,388,1010,201,225,88,592,1310,1297,559,726,641,331,321,3757,3620,1543,76,3689,3471,674,207,8,276,4196,641,1628,1306,1322,27,286,1906,2441,1354,308,874,1800,1072,574,785,764,2316,609,1267,244,525,70,0,961,41,13483,146,938,419,805,30,29173,100,5616,3003,278,3592,1003,10775,6433,2172,299,953,4228,34,120,5727,876,152,245,418,890,949,142,1414,4595,2633,571,59,2107,149,256,338,3235,80,26082,220,273,1,566,15,203,423,2693,1533,156,59,140,2912,153,513,1005,1,290,613,219,793,1383,1364,2032,4366,347,217,1086,883,7944,43,403,408,394,16,1543,33,10,4,1175,447,1094,407,113,0,12,834,517,88,633,878,375,313,3040,4501,172,199,411,476,79,114,378,68,245,134,988,808,46,35
22,Animal_191028_6_B50022_40_1_T1_RARE_MEMRI_apoe100um_roomtemp.nii.gz,Animal_191028_6_B50022_40_1_T1_RARE_MEMRI_apoe100um_roomtemp,655,280,809,225,175,119,565,1602,1109,685,844,763,307,361,3493,3680,1389,88,3357,3229,607,161,33,304,4297,547,1674,1260,1301,34,250,1903,2725,1445,250,957,2061,1345,520,907,655,2376,601,1233,231,444,6,956,9,13638,229,925,500,696,56,28204,98,5846,3047,257,3480,1042,10466,6306,1918,319,831,3619,320,92,6016,1217,153,250,506,1004,1103,127,1409,5205,2989,516,54,1906,225,184,301,3010,107,24832,206,252,1,555,20,195,363,2763,1388,134,62,215,2997,204,373,1019,0,285,636,190,773,1526,1791,1693,3920,381,213,1104,1067,8479,45,391,415,400,11,1505,33,14,4,1242,430,1112,377,81,0,11,794,270,89,633,883,354,309,3217,3510,186,276,428,473,53,86,111,334,70,244,136,914,587,32,52,846,735,307,1014,257,226,120,649,1500,1128,637,784,663,316,311,3864,3241,1468,63,3667,3606,617,233,12,299,4705,625,1660,1271,1296,27,294,1883,2378,1354,294,940,1975,1151,609,851,702,2209,528,1204,203,425,78,0,867,33,13809,160,905,456,771,38,28685,80,5558,3018,267,3559,973,10128,6346,1964,316,948,3904,42,106,5763,877,154,262,442,871,960,142,1389,4500,2494,542,68,2141,150,258,352,3167,74,24233,194,241,1,525,20,203,380,2833,1509,142,65,126,2913,162,497,987,2,303,511,197,744,1450,1812,1988,3744,425,202,1028,872,7878,35,374,408,388,34,1510,27,17,5,1189,417,1179,342,108,1,11,678,283,85,633,838,372,322,2930,4890,180,192,415,495,106,131,322,66,246,146,992,776,33,36
23,Animal_191028_7_B50022_44_1_T1_RARE_MEMRI_apoe100um_roomtemp.nii.gz,Animal_191028_7_B50022_44_1_T1_RARE_MEMRI_apoe100um_roomtemp,777,314,740,181,167,99,534,1551,1034,675,853,718,346,372,3104,3604,1418,89,3182,2938,700,163,31,285,4530,521,1548,1289,1282,33,267,1957,2577,1412,272,932,1974,1265,520,848,737,2227,484,1118,242,449,4,790,11,13675,192,833,476,691,55,27845,90,5477,3016,264,3572,986,10439,6456,1981,343,908,3827,310,90,5765,1209,161,235,417,1025,1099,132,1313,5362,3108,524,65,1957,211,178,270,2976,101,24141,205,227,1,488,15,200,370,2572,1354,132,44,216,2926,217,348,1118,0,234,498,182,735,1425,1773,1711,4196,348,215,1116,946,8560,50,430,432,395,9,1574,31,19,2,1200,468,966,319,89,0,9,803,302,92,635,886,352,303,3242,3880,196,296,589,404,66,74,94,337,64,245,184,889,625,35,36,902,830,343,923,215,229,81,604,1320,1075,603,753,585,336,309,3191,3314,1578,70,3305,3060,680,208,6,287,4184,525,1491,1128,1262,27,252,1935,2386,1319,290,898,1791,1102,526,742,802,2328,523,1292,243,493,67,1,787,38,13553,144,883,462,753,39,28305,80,5700,3052,267,3475,930,9534,6465,1907,315,1001,4195,54,105,5584,860,148,267,472,784,918,146,1342,4437,2606,543,63,2034,171,219,325,3100,75,23877,207,237,1,451,12,221,424,2537,1481,130,45,128,2700,159,478,1113,2,309,439,167,722,1286,1719,1955,3638,398,218,1104,893,8510,38,350,393,355,22,1395,32,9,8,1078,414,1041,305,110,0,7,681,305,77,641,865,359,281,3008,4115,177,208,531,432,77,113,355,62,221,143,799,757,32,24
24,Animal_191205_10_63_1_T1_RARE_MEMRI_apoe.nii.gz,Animal_191205_10_63_1_T1_RARE_MEMRI_apoe,791,316,802,234,197,103,509,1408,1260,728,940,776,344,445,3452,4027,1624,99,3366,3157,760,178,33,323,4840,582,1601,1283,1521,33,262,2308,3191,1651,286,1048,1977,1327,507,787,744,2410,628,1205,280,553,3,996,12,13406,242,1035,566,791,57,28670,113,5013,3147,248,3693,1041,10811,6462,2038,292,954,3588,285,79,5861,1457,121,268,450,1026,1189,137,1402,5090,3039,493,54,1901,232,203,278,2827,110,24328,179,237,1,508,20,186,378,2397,1168,138,49,185,2794,195,306,1039,0,218,474,164,805,1275,1693,1544,4228,348,184,1016,1001,7653,42,395,394,406,8,1623,32,18,6,1117,510,887,361,68,1,11,805,315,97,638,932,370,269,3258,3492,191,275,419,452,50,56,98,368,65,227,202,780,630,40,46,858,804,350,969,293,237,99,631,1490,1300,681,833,737,388,340,3796,3666,1646,67,3545,3511,816,243,3,313,4533,582,1645,1292,1437,27,291,2144,2684,1523,315,1015,2113,1189,617,879,909,2443,561,1329,253,548,72,1,877,42,13540,207,973,618,785,41,28940,87,5326,2989,255,3664,900,10340,6288,2098,290,1145,3936,33,84,5582,1007,141,258,450,835,965,138,1469,4345,2715,520,63,1959,161,273,312,2989,77,24379,194,224,1,503,16,216,425,2681,1269,160,53,130,2685,167,470,1045,2,289,435,174,731,1259,1592,1979,3871,373,190,922,890,7546,31,395,344,383,14,1483,30,12,3,1048,453,1037,333,100,0,8,677,313,96,675,871,371,338,3030,3588,192,241,397,443,82,127,355,60,244,162,880,772,44,28
25,Animal_191205_1_B50027_15_1_T1_RARE_MEMRI_exercise.nii.gz,Animal_191205_1_B50027_15_1_T1_RARE_MEMRI_exercise,792,338,870,245,187,109,558,1811,1328,738,963,759,351,423,3213,3860,1527,101,3571,3273,859,182,34,342,5013,620,1825,1494,1473,39,313,2274,2896,1608,318,1065,2494,1475,639,1123,867,2650,584,1202,257,481,4,926,8,13494,304,1019,614,719,66,28990,107,5484,2958,233,3607,1000,11123,6132,1889,285,834,3658,307,78,5866,1527,173,254,493,1037,1274,118,1500,4953,3117,460,64,1876,187,201,314,2345,82,24544,199,244,2,526,14,224,369,1789,998,119,45,164,2305,165,296,1001,1,216,385,127,560,998,949,1346,2428,253,171,1038,1073,8032,45,419,415,392,11,1592,37,14,7,1070,462,713,260,60,0,8,499,115,99,586,785,341,257,3367,3423,206,264,397,479,49,75,109,360,66,206,206,470,525,38,46,758,761,378,940,254,223,109,578,1478,1113,680,880,722,326,345,3071,3658,1444,77,3234,3006,752,217,6,368,4971,617,1622,1271,1374,35,295,2300,2982,1576,356,1087,2334,1324,631,896,767,2820,609,1214,334,662,66,0,739,43,13451,199,1164,660,956,56,27942,102,5468,2905,244,3527,772,9818,5540,1791,272,805,4193,42,116,5631,968,168,250,451,855,1011,163,1380,4308,2845,514,57,1970,141,246,301,2539,60,23787,174,209,1,473,15,202,303,1638,935,128,37,81,2202,140,318,893,3,163,361,144,489,803,929,1382,2090,241,187,1052,895,7146,43,429,352,368,17,1478,38,15,7,1229,467,728,231,62,1,7,399,140,78,545,700,340,218,2965,3736,177,243,366,483,100,139,376,59,219,167,486,692,36,28
26,Animal_191205_1_B50030_52_1_T1_RARE_MEMRI_apoe.nii.gz,Animal_191205_1_B50030_52_1_T1_RARE_MEMRI_apoe,776,253,670,197,166,113,484,1900,1143,653,889,741,312,423,3979,3928,1372,112,3453,3311,816,200,33,324,5037,595,1646,1340,1507,31,274,2126,3018,1535,363,1018,2269,1297,657,1103,668,2458,626,1188,257,517,5,833,14,14073,263,917,565,708,64,29356,91,5153,2983,197,3527,885,10629,6049,1947,279,914,3116,287,85,5678,1386,134,226,413,837,1171,139,1296,5318,2951,554,50,1823,190,151,255,3084,120,24734,184,212,1,511,18,181,347,2379,1486,120,53,193,2728,209,320,1028,1,260,564,187,704,1317,1946,1834,4028,473,192,990,1012,7838,46,465,367,409,9,1593,51,17,4,1121,507,976,349,64,2,10,850,265,103,656,935,343,298,3290,3337,200,271,472,447,44,60,90,447,64,220,221,842,580,34,45,942,722,274,884,249,246,112,572,1661,1324,659,814,716,334,319,3919,3738,1532,93,3489,3660,727,272,6,375,5160,614,1607,1257,1403,28,346,2390,2842,1522,411,1100,2266,1199,723,966,817,2371,513,1208,244,482,68,1,877,47,13154,212,1017,556,779,37,29491,89,5355,3151,220,3770,876,10262,6249,2060,288,1004,3629,43,106,5785,934,160,258,483,853,978,131,1413,4270,2731,503,67,2146,151,208,301,3345,65,24519,178,193,2,430,14,203,374,2642,1610,157,48,116,2705,175,418,1120,4,333,512,184,689,1513,1953,2178,3739,465,197,907,899,8002,40,404,333,404,14,1552,50,15,7,1032,405,1054,340,107,1,8,653,298,91,633,881,344,328,3110,3764,190,211,469,454,85,99,418,62,231,163,876,707,37,24
27,Animal_191205_2_B50028_3_1_T1_RARE_MEMRI_exercise.nii.gz,Animal_191205_2_B50028_3_1_T1_RARE_MEMRI_exercise,750,300,851,214,187,106,510,1689,1246,722,939,779,306,415,3501,3916,1413,116,4041,3753,863,207,41,365,5137,702,1968,1690,1513,39,318,2184,3144,1568,327,1048,2263,1330,595,999,791,2503,621,1351,262,507,2,969,6,14057,273,979,600,734,67,28212,110,5186,2949,262,3648,1029,11394,6741,2063,317,921,3671,285,87,6217,1543,182,264,472,997,1226,148,1435,4954,2928,542,66,1990,189,226,314,2918,102,25550,203,224,3,530,18,203,396,2514,1378,127,58,194,2666,202,344,1043,0,276,469,177,768,1389,1605,1785,3944,449,192,968,1071,7796,41,428,418,378,10,1562,47,16,6,1141,477,971,369,88,2,11,756,215,86,624,889,393,316,3460,4035,212,264,454,504,45,78,112,446,69,232,194,808,556,34,41,924,750,329,862,185,191,109,508,1419,1115,716,964,737,369,346,3327,3905,1497,83,3376,2951,702,228,7,405,5503,697,1758,1366,1458,37,342,2325,3024,1537,394,1256,2366,1374,654,907,727,2761,520,1146,302,610,62,1,790,53,14117,210,1058,605,838,45,27945,111,5117,3014,262,3595,869,10527,5468,2081,283,854,4135,46,109,5943,1034,183,255,493,906,971,153,1407,4328,2556,560,59,2015,131,298,332,2937,72,23974,183,225,1,540,15,206,386,2255,1206,133,34,112,2634,160,405,942,2,288,436,173,672,1148,1173,1851,3359,260,202,814,970,7078,43,392,322,374,22,1473,38,11,7,1105,451,1039,310,87,0,8,585,176,84,606,795,351,301,3226,4467,204,239,389,472,118,151,332,51,204,144,717,747,34,27
28,Animal_191205_2_B50028_45_1_T1_RARE_MEMRI_exercise.nii.gz,Animal_191205_2_B50028_45_1_T1_RARE_MEMRI_exercise,786,305,785,200,161,94,459,1432,1186,656,850,760,414,473,3983,3808,1664,89,3679,3162,793,167,31,309,4602,543,1595,1351,1554,31,249,2170,2830,1670,282,1067,2086,1417,507,818,753,2667,592,1252,273,511,4,866,11,13528,266,1010,556,782,60,28324,91,4914,2932,231,3518,1053,10638,6118,2119,301,926,3542,261,86,5685,1454,163,260,468,1050,1232,127,1401,4501,2839,502,67,2000,220,226,289,2541,101,25631,197,235,1,508,15,207,373,2311,1233,140,47,212,2769,198,296,1031,0,240,462,165,920,1429,1119,1626,4037,262,186,911,1079,7688,51,402,402,405,8,1697,40,15,8,1161,494,881,441,77,1,10,913,242,96,591,834,369,289,3545,3435,212,245,383,508,39,78,106,391,67,257,163,764,560,34,45,953,730,337,871,220,230,111,522,1495,1146,765,999,811,311,303,3321,3367,1321,79,3498,3500,686,241,2,394,5395,745,1836,1420,1252,37,329,2255,3159,1696,369,1278,2716,1472,654,957,719,2634,576,1250,265,598,58,1,806,41,13714,196,1130,617,834,50,27664,101,5226,3054,249,3457,852,10278,6162,2004,288,1028,4003,31,99,5566,997,181,253,567,813,1003,137,1382,4267,2428,533,58,1984,172,297,293,2786,60,22520,192,199,0,510,13,211,417,2579,1446,139,55,119,2577,135,448,1052,1,314,391,174,818,1352,1133,1937,4074,326,214,813,922,7610,41,450,324,380,17,1453,32,12,9,1036,466,979,417,115,0,6,741,259,81,664,775,413,301,3147,3543,177,219,385,454,133,156,339,64,237,148,964,763,36,27
29,Animal_191205_2_B50030_53_1_T1_RARE_MEMRI_apoe.nii.gz,Animal_191205_2_B50030_53_1_T1_RARE_MEMRI_apoe,791,319,842,186,199,109,510,1518,1290,644,870,765,356,416,3559,3970,1602,104,3642,3342,905,183,31,390,4951,618,1802,1383,1588,35,271,2303,3108,1583,327,1047,2119,1327,518,864,964,2487,629,1236,261,501,4,916,11,14093,268,1007,567,711,54,28828,110,5121,3140,244,3771,937,11154,6601,2047,315,963,3578,294,93,5890,1468,151,288,465,956,1286,134,1408,4858,2960,500,60,1910,236,222,300,3030,110,25464,200,223,2,488,18,199,366,2532,1366,125,42,202,2692,206,328,1029,2,275,482,168,812,1312,1906,1914,4142,449,199,1068,1059,8069,45,444,405,414,9,1563,41,15,6,1150,511,1013,356,82,0,10,783,324,91,641,967,362,307,3556,3852,230,260,440,455,44,66,100,432,71,231,221,869,601,38,43,893,806,346,901,201,221,92,569,1377,1125,724,892,720,357,353,3867,3958,1678,71,3565,3187,664,237,9,377,4780,626,1703,1317,1500,37,318,2318,2941,1580,350,1105,2229,1342,594,821,721,2645,566,1277,286,564,68,0,885,45,13967,211,1091,613,852,43,29589,107,5202,3212,235,3854,888,10260,6530,2206,291,1092,4017,51,115,5777,941,167,268,458,843,959,139,1425,4444,2617,528,70,2043,156,260,303,3282,73,24398,178,212,1,468,15,218,421,2656,1349,157,44,115,2734,146,449,1029,3,316,414,172,643,1243,1788,1960,4023,408,202,944,959,7854,35,412,380,410,19,1442,39,11,7,1100,448,1101,317,95,0,9,695,279,77,638,892,385,317,3244,4382,202,241,431,428,104,144,367,67,243,150,890,795,46,26
30,Animal_191205_3_B50030_62_1_T1_RARE_MEMRI_apoe.nii.gz,Animal_191205_3_B50030_62_1_T1_RARE_MEMRI_apoe,799,326,722,192,155,97,511,1482,1254,729,870,783,398,474,4133,3927,1748,100,3584,2990,843,181,29,289,4302,545,1560,1269,1579,34,276,2231,3112,1685,252,1023,2115,1451,510,872,848,2664,613,1275,297,570,4,922,6,13725,298,933,549,648,60,28603,106,4761,3135,241,3753,1084,10728,6125,2030,298,1021,3487,254,101,5678,1459,136,262,463,846,1200,139,1481,4692,2888,541,56,1997,218,199,282,2832,103,25977,173,211,3,510,17,194,386,2420,1174,140,50,167,2832,188,319,1043,1,246,570,192,897,1375,1429,1594,3963,239,187,991,1096,8044,44,418,421,426,6,1595,42,16,4,1119,498,1004,422,62,2,12,728,346,87,638,858,383,287,3269,3285,212,249,442,500,41,69,73,400,68,232,188,730,564,29,40,841,832,339,954,206,227,96,506,1534,1448,717,877,728,330,323,3169,3780,1418,69,3371,3151,820,200,5,371,5377,686,1688,1281,1317,38,299,2226,3023,1690,362,1217,2614,1495,646,1001,694,2897,548,1210,296,542,79,0,928,39,13637,206,1151,670,838,51,28383,102,5248,3140,242,3685,878,10410,6319,1944,296,933,3954,33,123,5625,951,152,271,472,790,991,133,1388,4241,2496,560,55,2016,160,264,356,2940,61,23236,171,209,2,503,20,206,462,2442,1376,160,49,130,2752,142,452,1041,2,301,509,207,906,1326,1211,2019,3994,308,186,955,920,7671,41,422,380,381,16,1499,39,11,5,1018,470,934,342,121,0,10,660,354,89,659,842,379,269,3048,3436,201,214,368,516,111,121,388,60,228,137,910,827,32,25
31,Animal_191205_4_B50030_14_1_T1_RARE_MEMRI_apoe.nii.gz,Animal_191205_4_B50030_14_1_T1_RARE_MEMRI_apoe,745,242,643,179,213,92,490,1469,1250,709,826,727,349,497,3424,3940,1349,70,3090,2891,781,137,27,294,4485,606,1614,1242,1643,29,207,2265,3026,1552,237,971,2013,1275,459,846,687,2623,603,1053,292,597,5,923,13,12674,254,1003,556,733,55,28509,116,4925,3104,268,3681,899,10373,6423,1916,283,839,3410,281,80,5596,1389,156,276,423,960,1124,135,1370,4913,2954,544,54,1926,230,236,305,3066,119,24015,199,223,3,503,17,201,364,2431,1434,145,45,195,2663,195,297,1000,2,266,599,186,704,1468,1904,1831,4422,386,185,932,1055,6741,41,406,391,391,10,1522,36,13,7,1123,525,1010,351,73,2,9,862,293,82,600,935,347,278,3225,3151,214,227,424,486,38,70,108,383,62,269,171,899,565,38,55,756,782,273,815,208,217,90,569,1495,1295,621,741,661,358,344,3721,3725,1575,66,3529,3423,800,211,4,271,3828,532,1546,1333,1444,30,249,2065,2558,1364,292,940,2024,1126,560,781,806,2372,602,1377,276,560,69,0,901,48,13158,219,964,603,776,54,28701,111,5012,3067,253,3542,862,9972,6467,2143,277,993,3987,53,101,5707,805,164,219,419,779,889,144,1380,4356,2587,482,65,1987,161,301,347,3279,80,23523,194,217,2,493,17,203,371,2606,1543,147,57,110,2612,142,466,997,2,312,475,183,681,1339,2073,2114,4360,398,202,917,930,7178,33,397,348,370,17,1408,36,10,5,1043,448,1062,321,93,1,7,737,391,83,630,811,384,294,2966,3651,202,208,408,466,118,126,339,57,215,145,931,752,46,29
32,Animal_191205_5_B50030_46_1_T1_RARE_MEMRI_apoe.nii.gz,Animal_191205_5_B50030_46_1_T1_RARE_MEMRI_apoe,802,309,684,194,226,104,445,1558,1173,712,796,792,310,422,3428,4069,1384,79,3413,3324,725,167,30,277,4647,593,1522,1224,1533,31,232,2196,3052,1679,248,952,2084,1361,570,939,729,2703,687,1278,302,586,5,986,17,13655,256,1039,608,796,80,29612,118,5172,3005,251,3519,1031,10784,6463,2026,276,921,3644,272,88,5889,1477,151,273,460,986,1125,131,1402,4933,3069,514,68,1889,224,209,316,3127,104,25284,211,230,1,492,18,185,336,2708,1406,134,63,184,2864,189,346,979,0,289,526,191,731,1481,1979,1769,4456,477,194,976,1071,7841,43,419,416,404,14,1579,42,19,7,1197,465,990,312,80,0,11,880,316,103,659,920,350,326,3325,3515,206,295,420,438,61,68,106,387,75,232,179,917,572,36,42,797,742,328,986,234,281,99,537,1395,1152,670,782,709,359,326,3845,3652,1570,65,3747,4192,643,209,7,366,4588,618,1608,1287,1377,29,265,2184,2634,1565,336,1080,2054,1240,618,861,703,2656,664,1342,301,612,65,0,946,44,13576,213,1062,613,835,46,29630,122,5289,2982,239,3641,901,10176,6307,2108,321,998,4191,51,108,5649,939,155,250,490,801,987,147,1338,4050,2431,513,60,1991,173,255,301,3394,82,24643,186,209,1,497,15,199,373,2597,1589,141,56,114,2672,147,404,1022,1,321,504,191,666,1399,1748,2060,4044,468,214,860,975,7818,33,411,364,358,23,1508,45,12,5,1087,503,999,294,108,0,9,748,297,75,659,896,332,331,3166,3717,176,216,398,450,100,97,346,57,245,141,950,859,45,33
33,Animal_191205_6_11_1_T1_RARE_MEMRI_apoe.nii.gz,Animal_191205_6_11_1_T1_RARE_MEMRI_apoe,801,305,750,148,208,100,518,1524,1380,714,879,805,341,464,3286,4191,1667,88,3337,2827,796,159,29,339,4974,624,1616,1268,1621,32,246,2262,3241,1799,286,1087,2196,1464,504,855,832,2801,643,1265,293,551,5,950,13,13721,261,1117,576,804,65,28041,120,5176,3033,248,3804,1013,11325,6354,2040,301,880,3582,260,92,6284,1509,145,301,430,1038,1167,145,1439,4705,3064,489,60,1939,224,218,318,2653,105,25156,215,237,1,543,20,202,363,2318,1167,122,53,184,2606,163,320,1040,1,258,526,194,687,1184,1341,1588,2747,315,188,1011,1014,8208,46,413,503,387,8,1636,40,16,6,1160,502,1005,380,75,0,12,565,223,92,612,863,348,314,3423,3682,199,298,452,455,44,69,89,377,65,241,199,618,569,38,47,785,893,395,964,182,247,109,660,1420,1234,699,801,709,375,389,3771,3885,1843,69,3520,3070,738,218,8,326,4250,570,1553,1252,1481,30,283,2124,2701,1522,312,1046,2187,1337,594,856,935,2678,678,1380,288,604,71,1,939,44,13823,209,1097,600,855,55,28899,107,5298,3078,266,3692,936,10595,6126,2200,299,977,4158,48,94,5896,908,156,253,454,907,946,156,1484,4296,2565,521,56,1994,141,249,320,2815,67,25142,188,238,1,558,13,211,372,2181,1399,122,53,131,2479,134,391,1030,2,265,433,185,668,1126,1328,1811,2654,304,189,908,967,8288,37,392,442,390,20,1503,38,16,7,1103,418,897,354,92,0,8,481,229,90,587,768,372,304,3131,3950,188,220,389,472,102,107,378,55,240,162,563,750,41,24
34,Animal_191205_8_33_1_T1_RARE_MEMRI_apoe.nii.gz,Animal_191205_8_33_1_T1_RARE_MEMRI_apoe,780,308,808,162,229,97,503,1335,1379,702,849,771,346,418,3180,4223,1517,107,3248,2735,759,151,36,288,4193,583,1657,1338,1526,43,267,2178,3238,1625,254,968,1942,1283,495,794,858,2322,638,1173,267,518,3,822,8,13339,264,996,545,695,69,27790,99,5172,2879,264,3473,1020,11045,5579,1941,289,874,3525,283,92,5751,1379,153,258,410,957,1098,123,1423,4726,3043,499,59,1875,188,203,303,2380,97,23529,203,220,1,518,17,189,309,1958,1045,125,47,156,2297,168,271,972,1,226,419,141,568,1005,1167,1515,2554,295,176,972,980,7786,43,394,428,420,9,1558,43,13,7,1172,458,813,320,67,1,7,506,191,100,604,755,317,278,3313,3221,204,292,389,441,43,51,88,330,60,227,197,548,546,34,43,761,867,406,1010,195,278,105,613,1260,1529,618,871,687,395,322,3507,3718,1716,60,3363,3079,717,187,6,353,4274,599,1657,1222,1319,30,247,2052,2792,1500,314,952,1930,1160,553,801,814,2447,583,1353,249,493,72,0,932,44,13314,208,1013,501,769,37,28382,102,5125,2920,244,3577,898,10041,6062,2082,287,968,3828,40,92,5658,827,164,274,450,860,882,166,1432,3994,2517,509,63,2078,147,266,293,2598,75,23597,203,201,1,500,12,208,360,2054,1237,141,47,101,2309,139,350,928,2,291,336,153,608,1056,1158,1689,2527,291,187,926,918,8062,37,377,405,403,13,1486,39,10,6,1048,457,919,307,88,0,6,423,187,87,603,755,366,267,3140,3797,186,223,395,434,99,112,358,54,250,147,615,715,44,21
35,Animal_191205_9_50_1_T1_RARE_MEMRI_apoe.nii.gz,Animal_191205_9_50_1_T1_RARE_MEMRI_apoe,809,328,757,169,184,100,425,1598,1196,683,931,739,361,463,3705,4090,1461,77,3505,2928,891,139,29,345,5058,578,1649,1348,1536,33,236,2364,3118,1682,283,1055,2374,1518,545,927,795,2765,666,1334,281,546,2,871,14,14206,288,1072,623,768,59,29587,107,5185,3181,260,3759,965,11401,6478,2120,293,969,3749,302,95,5886,1688,150,284,469,1025,1306,130,1414,5114,3246,492,65,1984,220,198,271,2976,100,25689,203,250,2,528,17,195,411,2497,1212,140,51,205,2796,233,334,1081,0,260,497,188,914,1378,1380,1677,4145,270,210,1035,1126,8085,54,444,430,426,8,1739,37,10,8,1098,528,1051,411,69,1,11,757,369,94,669,918,372,282,3644,3229,213,296,413,452,37,63,92,356,64,245,168,792,611,37,51,941,926,383,1025,218,225,106,550,1537,1361,708,866,686,365,334,3530,3904,1733,73,3498,3303,902,223,6,337,5118,635,1663,1267,1398,28,276,2275,2954,1548,358,1163,2396,1363,632,961,761,2665,611,1285,293,587,80,1,837,45,13788,177,1051,647,772,55,29272,96,5460,3298,275,3817,922,10717,6562,2089,319,1121,4061,41,104,5781,1043,162,266,489,878,1005,149,1494,4327,2654,550,62,2026,164,249,306,3259,77,24613,197,229,1,552,16,221,412,2491,1353,145,47,118,2764,148,466,1058,1,294,405,180,793,1355,1390,1927,4289,304,209,984,991,8051,40,446,395,375,19,1586,44,14,7,1052,455,986,408,93,1,10,648,428,85,679,881,363,290,3149,3439,186,247,388,465,111,118,366,59,250,144,911,782,33,24
36,Animal_191212_1_21_1_T1_RARE_MEMRI_22mins.nii.gz,Animal_191212_1_21_1_T1_RARE_MEMRI_22mins,779,347,815,218,204,108,556,1496,1157,638,742,701,320,416,3814,3445,1396,120,3377,3101,775,193,34,310,4184,634,1699,1400,1494,35,281,2067,2630,1380,301,952,1968,1237,578,918,775,2231,618,1207,288,513,3,855,10,13537,259,797,499,676,71,27750,100,4952,3018,247,3492,949,10367,5770,1929,282,894,3396,272,88,5601,1457,164,271,476,997,1233,142,1462,4772,2970,504,65,1900,209,197,282,2921,112,24147,197,223,2,533,17,190,348,2687,1302,141,54,182,2798,193,338,994,0,260,498,181,832,1358,1993,1687,4563,382,188,959,1064,7544,50,419,426,380,8,1585,37,16,6,1072,498,1056,364,63,0,11,881,292,100,639,869,347,270,3259,3220,193,235,427,503,38,68,94,380,68,232,191,849,556,36,46,793,792,366,982,232,269,91,589,1283,1269,630,795,643,297,315,3145,3658,1409,61,3097,3137,675,193,2,360,4682,578,1521,1221,1226,27,274,1959,2824,1485,305,1035,2200,1265,597,876,638,2605,606,1334,268,526,70,1,960,48,13582,211,1050,618,845,47,27710,96,5030,2905,250,3469,891,10129,6271,1889,260,996,3921,35,94,5636,883,139,270,437,831,885,154,1370,4121,2567,565,57,2038,147,287,297,3004,84,23989,192,229,1,509,17,201,377,2733,1407,148,55,117,2677,163,433,1004,2,265,420,162,741,1287,1815,1919,4415,390,190,919,903,7533,38,376,384,364,20,1464,40,10,6,1068,437,1061,329,103,0,9,742,281,85,637,803,349,324,2967,3466,174,213,392,494,86,116,353,65,216,141,904,758,36,24
37,Animal_191212_3_34_1_T1_RARE_MEMRI_22mins.nii.gz,Animal_191212_3_34_1_T1_RARE_MEMRI_22mins,828,323,868,185,197,111,525,1693,1327,657,911,747,342,392,3383,4007,1488,95,3543,3167,795,175,34,410,5166,610,1741,1388,1514,36,301,2165,2969,1621,299,1120,2281,1477,548,905,764,2527,579,1135,285,543,5,870,11,13793,211,1049,595,751,57,28292,97,5346,3129,252,3549,1032,10979,6587,1911,282,904,3596,245,85,5940,1591,130,276,414,1029,1188,147,1461,4955,3126,536,78,1949,228,217,241,3001,113,25084,191,250,2,484,19,205,363,2749,1288,141,57,198,2755,191,346,1091,0,261,524,220,810,1401,2207,1833,4355,401,205,1131,1061,7973,43,433,415,399,14,1683,38,18,2,1236,497,992,350,85,2,13,814,329,100,660,923,349,292,3323,3383,181,299,444,473,55,49,88,410,74,258,192,1007,589,37,55,920,759,357,847,203,220,102,594,1474,1125,714,914,696,384,342,3634,3803,1598,79,3448,3131,606,226,1,352,4708,578,1619,1293,1304,23,305,2268,2852,1530,357,1062,2346,1351,617,901,700,2995,660,1341,305,596,66,1,885,51,14180,170,1130,667,893,52,28857,96,5257,3221,266,3762,875,10582,6510,2201,300,1111,3782,49,110,5920,1002,157,257,499,857,945,148,1453,4392,2592,533,61,2041,166,256,291,3273,79,23787,185,244,1,499,14,206,382,2493,1469,142,46,122,2642,177,418,973,1,266,433,197,667,1290,1553,2025,3915,361,201,960,910,8246,41,382,368,392,21,1533,38,14,6,1094,509,910,312,96,1,8,725,292,85,639,815,354,293,3012,4503,187,277,409,451,100,111,375,74,230,153,769,792,45,26
38,Animal_191212_4_58_1_T1_RARE_MEMRI_22mins.nii.gz,Animal_191212_4_58_1_T1_RARE_MEMRI_22mins,826,350,869,220,199,92,483,1642,1184,635,891,811,327,416,3299,4078,1341,92,3566,3095,731,191,31,354,5313,594,1643,1391,1518,39,298,2182,3146,1776,289,1096,2418,1553,517,1024,611,3147,619,1263,325,575,3,1012,12,13559,233,1130,576,877,67,29034,105,5309,3124,270,3644,987,11001,6920,1862,279,925,3537,257,99,6031,1434,157,281,447,1054,1199,156,1435,4805,2933,564,53,2087,227,196,323,2981,115,24161,223,248,2,573,18,205,399,2327,1391,135,50,195,2766,203,339,1073,2,255,464,175,688,1401,1605,1791,3965,380,186,1095,1168,8750,48,426,421,419,9,1674,35,15,5,1141,511,889,339,70,3,9,750,231,100,599,942,369,316,3302,4258,172,281,414,517,43,70,84,370,64,271,201,776,625,36,39,942,847,411,1074,240,258,104,581,1384,1184,621,721,673,329,327,3668,4037,1660,68,3658,3557,727,213,9,355,4275,553,1591,1341,1317,31,273,2113,2926,1548,319,959,2227,1218,572,788,777,2878,573,1366,271,527,69,0,796,54,14139,190,1141,659,896,55,30314,119,5259,3348,264,3762,906,10493,6491,2169,300,1084,3949,38,116,5953,942,152,259,422,862,924,159,1469,4124,2767,563,67,2188,160,311,319,3012,91,25894,190,220,1,528,16,232,444,2610,1373,148,50,112,2623,149,445,1031,3,274,463,165,708,1311,1763,2031,3493,382,193,941,952,8435,38,391,389,385,22,1486,39,15,9,1041,478,999,316,84,0,9,590,237,93,645,926,364,301,3165,4131,173,249,412,499,92,105,371,75,259,157,854,907,40,25
39,Animal_191212_5_74_1_T1_RARE_MEMRI_22mins.nii.gz,Animal_191212_5_74_1_T1_RARE_MEMRI_22mins,789,315,793,169,213,109,467,1485,1182,687,781,775,322,424,3506,3856,1443,88,3518,3255,709,161,38,322,4714,601,1722,1434,1575,34,258,2201,3096,1591,301,1017,1981,1364,508,865,698,2453,662,1189,288,549,5,860,7,13401,265,1009,607,741,68,27489,105,5151,3001,258,3524,1017,10642,6126,1925,284,948,3412,291,93,6093,1508,165,279,434,1037,1269,138,1456,4547,2877,501,56,2008,226,173,297,2958,105,25648,204,239,3,543,17,195,383,2374,1324,132,52,187,2759,166,340,1013,2,268,604,199,737,1330,1703,1637,3374,378,203,987,1143,8513,46,428,429,399,10,1620,35,20,5,1189,501,993,397,78,0,13,664,226,113,647,1026,367,274,3359,3707,183,258,460,499,48,69,91,390,61,255,197,746,574,37,48,851,817,330,930,204,266,93,565,1384,1124,628,780,608,364,330,3508,3835,1560,72,3562,3315,667,197,5,329,4790,599,1580,1243,1355,31,265,1914,2692,1372,330,1048,2107,1245,572,804,749,2657,649,1299,296,584,69,1,902,57,13556,198,1048,643,861,46,28683,89,5421,3104,257,3495,831,10402,6325,2112,278,1094,3676,36,113,5601,902,127,240,484,869,946,152,1403,4312,2738,528,55,2018,169,272,311,3052,82,24980,196,242,2,506,14,215,403,2652,1400,146,51,107,2710,154,436,1009,2,263,529,196,672,1255,1706,1987,3444,335,212,919,929,8034,39,436,381,385,18,1608,35,11,9,1091,463,1076,389,87,1,9,591,308,103,641,851,354,289,3115,3749,184,242,447,417,83,100,342,67,261,159,917,807,40,28
40,Animal_191212_6_90_1_T1_RARE_MEMRI_22mins.nii.gz,Animal_191212_6_90_1_T1_RARE_MEMRI_22mins,773,304,760,194,257,110,467,1610,1200,770,990,746,381,466,3665,3904,1416,97,3570,2990,801,171,36,338,4990,610,1768,1380,1572,40,291,2345,3080,1709,307,1135,2329,1453,536,887,716,2803,610,1259,308,558,5,895,11,14392,270,1025,654,756,68,27782,94,5349,3085,276,3504,966,10713,6498,1964,268,848,3156,256,95,5401,1488,150,258,436,1006,1213,135,1374,5916,3208,533,61,1790,224,183,203,2923,109,26840,206,249,2,554,20,197,397,2557,1342,141,50,226,2862,211,365,1033,1,300,578,209,742,1535,1724,1853,4715,357,168,1069,1004,8221,41,416,413,374,7,1626,35,5,4,1220,519,1060,388,88,0,12,996,411,81,689,1045,375,334,3361,3184,203,320,476,386,47,89,112,356,64,239,242,833,612,39,43,962,870,359,987,248,296,115,595,1518,1261,642,837,649,374,358,4139,3902,1642,82,3817,3529,763,242,10,334,4479,673,1856,1379,1505,34,323,2233,2852,1414,352,1082,2264,1276,636,886,820,2690,640,1346,295,580,73,1,837,53,14834,187,973,591,802,37,28870,91,5607,3193,250,3598,917,10112,6706,2171,285,1134,3703,38,105,5719,1027,205,229,423,838,955,157,1279,4944,2638,561,51,1898,158,186,217,3204,86,26191,193,233,1,502,18,211,433,2687,1488,163,53,112,2730,153,473,1036,2,344,494,202,756,1448,1791,2090,4684,356,198,1072,981,8130,38,412,405,382,19,1451,41,3,5,1094,536,1063,350,122,2,10,866,404,81,682,937,383,346,3105,3474,181,275,451,389,129,159,418,67,233,197,997,729,42,24
41,Animal_191212_7_99_1_T1_RARE_MEMRI_22mins.nii.gz,Animal_191212_7_99_1_T1_RARE_MEMRI_22mins,816,330,886,190,254,102,518,1564,1398,757,902,788,371,454,3612,3930,1644,92,3788,3356,896,166,30,316,4864,616,1723,1391,1643,34,259,2408,3133,1584,288,1095,2151,1458,545,839,844,2494,578,1254,275,553,6,1021,13,14810,277,978,629,712,86,30062,114,5341,3308,250,3571,1104,11041,6607,2182,291,992,3660,316,93,6465,1142,230,236,484,1116,1117,164,1525,5641,3349,567,59,1826,243,197,335,3540,139,26618,214,255,2,543,21,206,410,2773,1552,156,54,191,2920,208,343,991,2,304,591,204,864,1479,2037,1886,4741,472,185,1095,1139,8604,37,436,454,428,8,1749,42,25,7,1350,556,1063,434,95,2,12,871,368,114,730,1022,386,295,3601,3430,203,308,404,430,62,100,124,399,64,271,214,931,630,40,50,946,871,378,980,236,308,121,648,1495,1289,649,792,619,369,359,3677,4241,1773,64,3874,3593,675,207,6,320,4259,599,1727,1275,1540,27,256,2162,2768,1383,346,1006,2047,1173,617,834,878,2584,697,1389,293,593,83,1,997,55,14432,219,1013,649,803,51,29614,91,5481,3360,281,3735,1005,11250,6341,1965,310,998,4107,55,126,5956,868,174,263,394,905,950,149,1552,4899,2664,577,67,2114,186,269,355,3700,82,26808,208,261,1,531,16,214,390,2812,1662,151,54,126,2925,149,440,1010,1,309,491,195,853,1427,2017,2089,4554,395,199,1077,938,8627,32,446,465,377,18,1648,39,18,5,1199,490,1150,441,97,0,9,697,421,100,678,885,385,274,3314,3955,208,322,396,429,93,137,420,74,244,187,971,809,47,27
42,Animal_191212_8_115_1_T1_RARE_MEMRI_22mins.nii.gz,Animal_191212_8_115_1_T1_RARE_MEMRI_22mins,679,237,574,130,198,84,367,1414,1121,662,834,748,341,402,3717,3856,1409,96,3263,3100,726,184,32,378,4052,619,1791,1335,1510,37,257,2192,2987,1486,246,944,1891,1281,511,791,671,2276,582,1071,282,512,4,1012,12,13010,281,955,560,636,69,27427,94,5251,3154,240,3597,982,10160,6301,1912,296,821,3374,261,83,5957,1368,146,258,438,1085,1131,118,1353,4697,3036,491,59,1904,198,211,284,2913,113,24775,191,211,2,501,17,202,364,2357,1424,146,43,173,2736,187,296,986,0,231,557,186,775,1314,1814,1809,4379,471,168,1042,1019,7437,44,398,383,386,10,1583,36,19,6,1149,473,937,399,74,0,11,864,253,100,653,866,376,272,3172,3268,206,299,437,464,49,58,93,376,62,234,173,841,605,38,43,808,679,268,743,167,249,99,437,1261,923,572,714,612,382,310,3482,3978,1644,69,3335,3030,589,206,6,297,3995,533,1385,1178,1367,29,274,2026,2571,1413,278,908,1727,1055,507,705,660,2447,635,1185,319,644,75,1,1065,66,13809,188,1004,538,855,51,28192,94,5229,3104,235,3519,919,10093,6419,1981,283,972,3860,51,100,5712,821,146,232,424,860,868,120,1400,4160,2451,512,51,1930,156,236,317,2980,80,24916,204,247,0,496,12,211,401,2658,1536,151,48,119,2565,161,430,964,3,240,498,182,740,1292,1752,2177,4083,408,193,989,879,7504,35,395,367,352,16,1418,39,12,7,1103,412,994,363,86,0,8,732,264,82,589,825,375,275,2956,3516,178,264,368,464,87,123,362,55,205,143,949,767,45,35
43,Animal_201007_1_2_1_T1_RARE_MEMRI_22mins.nii.gz,Animal_201007_1_2_1_T1_RARE_MEMRI_22mins,649,275,646,120,203,65,407,1069,964,525,683,499,337,368,2865,2994,1255,68,2594,2168,626,119,20,221,3523,396,1183,836,1259,20,168,1563,2144,1074,207,726,1762,996,364,612,596,1701,486,878,202,451,3,694,11,11731,245,756,421,563,42,19205,104,5116,2807,257,3495,868,9360,4970,1811,245,788,3196,202,96,5379,1341,113,254,386,948,1080,165,1285,4656,3070,501,53,1738,202,153,226,2188,118,21936,241,254,1,495,18,182,345,2147,1539,137,45,187,2603,198,339,985,0,246,562,177,517,1177,972,1686,2559,254,140,946,890,7196,38,418,385,383,13,1496,28,16,3,1222,433,836,253,74,1,9,587,123,96,650,953,310,288,3235,2777,176,272,442,428,35,42,74,322,58,228,162,671,604,38,40,728,722,329,845,176,249,79,524,1175,1069,521,598,517,289,282,2690,2575,1224,49,2681,2648,548,174,4,217,3303,432,1211,934,1112,21,190,1698,1995,1095,225,686,1554,867,462,650,577,2153,500,1122,180,406,54,1,536,31,11944,179,788,456,687,36,16650,68,4933,2587,272,3200,818,9707,4435,1555,254,828,3649,30,104,5226,783,148,214,396,837,838,136,1281,3962,2344,526,47,1852,149,264,277,2353,88,20982,171,221,1,503,14,206,388,2258,1590,141,47,130,2462,149,421,959,2,233,386,150,439,1152,1125,1921,2342,297,155,794,831,6880,36,358,357,297,17,1434,37,10,4,1115,423,836,209,95,0,6,440,124,82,613,801,325,281,2814,3355,155,184,365,481,97,108,308,56,224,154,727,787,41,28
44,Animal_201007_2_32_1_T1_RARE_MEMRI_22mins.nii.gz,Animal_201007_2_32_1_T1_RARE_MEMRI_22mins,755,301,756,168,199,103,453,1489,1236,599,828,558,452,417,4586,3398,1582,77,3405,3234,821,155,29,290,4459,515,1466,1108,1486,28,223,2055,2700,1218,250,854,1685,1140,445,791,770,2283,477,907,228,459,6,660,6,12780,258,765,532,543,57,23204,79,5038,2651,271,3292,1020,11051,5286,1818,285,854,3713,306,112,6111,1559,122,280,418,1060,1268,139,1425,5111,3076,558,60,1861,229,179,280,3040,124,22049,238,243,2,521,19,205,404,2383,1270,132,47,207,2843,208,344,1057,2,341,769,236,877,1313,1639,1614,4288,314,187,895,985,7562,44,463,395,441,11,1733,30,18,4,1263,461,1113,458,73,1,14,811,250,105,727,1021,353,316,3158,3400,194,285,413,439,67,54,84,356,62,259,222,783,663,38,45,755,767,346,888,192,245,96,539,1353,1263,532,681,583,381,350,4635,3502,1773,59,3486,3459,736,202,6,304,3847,532,1474,1083,1381,25,244,2030,2752,1265,286,827,1623,1021,521,711,796,2337,425,957,213,433,67,0,588,35,12905,190,939,564,725,45,23392,85,5302,2614,290,3280,933,10120,4979,1883,272,960,4055,52,119,5963,949,152,265,428,884,927,145,1474,4435,2514,586,68,2061,139,248,307,3106,100,21320,188,236,2,525,22,235,447,2555,1330,172,43,119,2801,158,437,1032,2,245,746,242,801,1328,1612,1963,3909,344,185,848,907,7635,30,416,399,396,16,1529,38,13,4,1239,470,935,530,107,0,15,624,246,91,728,1001,397,285,3043,3854,176,230,399,456,86,119,388,65,263,169,918,821,40,28
45,Animal_201007_3_43_1_T1_RARE_MEMRI_22mins.nii.gz,Animal_201007_3_43_1_T1_RARE_MEMRI_22mins,795,306,731,159,198,91,502,1346,1301,554,745,591,386,394,3999,3681,1478,84,3322,2973,824,157,26,267,4165,507,1452,1126,1509,30,237,2087,2761,1292,219,804,1714,1067,371,708,788,2577,433,806,231,410,3,833,9,12862,230,795,490,534,49,22998,79,5212,2746,245,3281,1041,10594,5715,1800,278,855,3633,256,116,5791,1457,150,275,403,1069,1219,136,1394,5058,3034,528,65,1839,196,180,265,2684,164,21265,208,226,2,525,24,195,410,2353,1226,147,39,189,2931,194,373,1048,1,387,670,232,782,1325,1331,1621,3622,314,178,1002,1014,7733,32,437,369,418,7,1646,32,16,6,1301,453,1467,413,72,2,15,738,220,96,692,1098,349,300,3156,3765,216,261,421,440,56,66,104,390,64,272,186,732,631,28,37,805,853,346,939,170,251,79,550,1045,1387,507,640,526,453,379,4506,3557,1954,61,3331,3209,858,160,8,237,3871,509,1417,1002,1470,23,225,2126,2475,1178,251,722,1386,929,432,585,853,2249,439,1076,217,399,82,1,767,34,12774,166,878,524,659,46,23695,81,5448,2837,254,3445,959,10279,5503,2015,288,970,4053,43,150,5573,942,143,244,472,820,916,133,1430,4318,2456,558,58,2098,135,305,327,2846,122,21501,196,253,2,521,23,223,404,2360,1250,148,47,119,2696,160,420,1053,2,257,592,227,676,1220,1324,1833,3193,300,187,905,914,7648,34,387,362,448,17,1478,37,12,6,1247,453,1006,397,97,1,13,569,186,82,679,910,368,287,2989,4610,213,203,411,462,97,119,370,65,240,163,772,837,39,31
46,Animal_201007_4_57_1_T1_RARE_MEMRI_22mins.nii.gz,Animal_201007_4_57_1_T1_RARE_MEMRI_22mins,721,249,644,163,203,102,435,1543,1178,535,662,551,434,415,3849,3336,1578,74,3008,2780,840,144,24,277,3848,568,1553,1055,1312,32,231,1793,2448,1279,234,926,1749,1137,476,878,830,2428,491,884,237,436,4,695,8,12682,242,783,518,569,60,23357,92,4905,2709,251,3265,909,10292,5234,1820,304,784,3332,278,106,5481,1455,135,226,433,969,1126,112,1144,4926,3312,510,58,1828,171,173,289,2417,154,20515,222,249,1,516,19,181,346,2183,1018,117,49,149,2341,172,330,984,2,323,566,157,595,1095,1255,1481,2618,318,173,892,948,7327,40,436,370,517,8,1491,40,13,3,1229,464,1031,256,75,1,10,545,150,93,607,955,318,323,3135,3201,206,258,424,451,56,59,86,395,61,216,162,648,577,27,48,700,767,318,868,177,249,98,491,1299,1179,511,679,573,391,352,3763,3287,1749,64,3039,2961,712,186,8,250,3581,474,1296,964,1325,27,247,2018,2527,1227,280,868,1563,994,417,698,824,2391,437,1108,243,400,82,0,751,40,12618,202,962,507,753,47,23244,88,5218,2765,244,3280,875,9266,5393,1813,278,992,3680,51,110,5529,950,155,241,402,840,918,130,1305,4526,2924,530,66,2089,117,232,289,2400,81,20783,179,206,1,498,13,199,355,2009,1272,131,40,103,2222,120,357,954,1,329,469,165,465,997,1091,1659,2369,274,182,803,938,7151,34,407,312,428,20,1457,39,11,5,1140,434,920,251,94,0,6,398,133,89,593,768,350,304,2853,3583,194,195,428,423,88,119,367,50,257,152,655,820,39,28
